{
  "chunk": 10,
  "providers": [
    "CPUExecutionProvider"
  ],
  "diagnostics": {
    "check1": {
      "results": {
        "k=0": {
          "max_abs": 0.020592689514160156,
          "mean_abs": 0.0011312817223370075,
          "std_abs": 0.001491114846430719
        },
        "k=1": {
          "max_abs": 0.020374774932861328,
          "mean_abs": 0.0011449996381998062,
          "std_abs": 0.00150960439350456
        },
        "k=2": {
          "max_abs": 0.017083168029785156,
          "mean_abs": 0.0011497644009068608,
          "std_abs": 0.0015143230557441711
        },
        "k=3": {
          "max_abs": 0.025323867797851562,
          "mean_abs": 0.0011843090178444982,
          "std_abs": 0.0015802367124706507
        }
      },
      "interpretation": "uniform_error"
    },
    "check2": {
      "threshold": 0.001,
      "pct_significant": 97.833251953125,
      "max_abs_full": 0.025323867797851562,
      "mean_abs_full": 0.0011525886366143823,
      "max_abs_masked": 0.025323867797851562,
      "mean_abs_masked": 0.0011773945298045874,
      "reduction_ratio": 0.9999999999605116,
      "interpretation": "real_error"
    },
    "check3": {
      "results": [
        {
          "perturbation": "zeros",
          "max_abs": 0.06873910129070282,
          "mean_abs": 0.011120027862489223
        },
        {
          "perturbation": "noise_\u03c3=0.1",
          "max_abs": 0.14164428412914276,
          "mean_abs": 0.009282603859901428
        },
        {
          "perturbation": "noise_\u03c3=0.2",
          "max_abs": 0.11741343140602112,
          "mean_abs": 0.008301138877868652
        },
        {
          "perturbation": "noise_\u03c3=0.3",
          "max_abs": 0.08659746497869492,
          "mean_abs": 0.01575317233800888
        }
      ],
      "max_effect": 0.14164428412914276,
      "interpretation": "strongly_sensitive"
    }
  },
  "summary": {
    "check1_interpretation": "uniform_error",
    "check2_interpretation": "real_error",
    "check3_interpretation": "strongly_sensitive"
  }
}